Handle,Title,Body (HTML),Vendor,Type,Tags,Published,Option1 Name,Option1 Value,Option2 Name,Option2 Value,Option3 Name,Option3 Value,Variant SKU,Variant Grams,Variant Inventory Tracker,Variant Inventory Qty,Variant Inventory Policy,Variant Fulfillment Service,Variant Price,Variant Compare At Price,Variant Requires Shipping,Variant Taxable,Variant Barcode,Image Src,Image Position,Image Alt Text,Gift Card,SEO Title,SEO Description,Google Shopping / Google Product Category,Google Shopping / Gender,Google Shopping / Age Group,Google Shopping / MPN,Google Shopping / AdWords Grouping,Google Shopping / AdWords Labels,Google Shopping / Condition,Google Shopping / Custom Product,Google Shopping / Custom Label 0,Google Shopping / Custom Label 1,Google Shopping / Custom Label 2,Google Shopping / Custom Label 3,Google Shopping / Custom Label 4,Variant Image,Variant Weight Unit,Variant Tax Code,Cost per item,Status
banana,Banana,"<span>Sed risus neque, sagittis sed pellentesque at, pharetra ut nunc. Phasellus id enim eget ante pellentesque pharetra. Phasellus et nisl urna. Integer nisl dui, efficitur in volutpat sodales, tempor sed orci. Donec et euismod ipsum. Interdum et malesuada fames ac ante ipsum primis in faucibus. Etiam tincidunt dictum eros at porta. Phasellus gravida dolor in sem placerat sodales. Nullam feugiat non dolor id commodo. Phasellus nec velit enim. Donec a commodo magna.</span>",Organic,Fruit,"$11 - $20, $21 - $30, 0 - 10$, 1kg, 2kg, 3kg, fruits, healthy, meats, milk, natural, organic",true,Kg,1kg,,,,,,100000.0,shopify,100,deny,manual,21.05,,true,true,,https://cdn.shopify.com/s/files/1/0752/0983/products/p-08-min.jpg?v=1606762067,1,,false,,,,,,,,,,,,,,,,,kg,,,active
banana,,,,,,,,2kg,,,,,,100000.0,shopify,100,deny,manual,24.04,,true,true,,https://cdn.shopify.com/s/files/1/0752/0983/products/p-05-min.jpg?v=1606762067,2,,,,,,,,,,,,,,,,,,,kg,,,
banana,,,,,,,,3kg,,,,,,100000.0,shopify,100,deny,manual,25.00,,true,true,,https://cdn.shopify.com/s/files/1/0752/0983/products/p-010-min.jpg?v=1606762064,3,,,,,,,,,,,,,,,,,,,kg,,,
banana,,,,,,,,,,,,,,,,,,,,,,,,https://cdn.shopify.com/s/files/1/0752/0983/products/p-01-min.jpg?v=1606762083,4,,,,,,,,,,,,,,,,,,,,,,
banana,,,,,,,,,,,,,,,,,,,,,,,,https://cdn.shopify.com/s/files/1/0752/0983/products/p-02-min.jpg?v=1606762089,5,,,,,,,,,,,,,,,,,,,,,,
carrot,Carrot,"<span>Sed risus neque, sagittis sed pellentesque at, pharetra ut nunc. Phasellus id enim eget ante pellentesque pharetra. Phasellus et nisl urna. Integer nisl dui, efficitur in volutpat sodales, tempor sed orci. Donec et euismod ipsum. Interdum et malesuada fames ac ante ipsum primis in faucibus. Etiam tincidunt dictum eros at porta. Phasellus gravida dolor in sem placerat sodales. Nullam feugiat non dolor id commodo. Phasellus nec velit enim. Donec a commodo magna.</span>",Organic,Vegetables,"$11 - $20, $21 - $30, 0 - 10$, 1kg, 2kg, 3kg, fruits, organic, vegetables",true,Kg,1kg,,,,,,100000.0,shopify,100,deny,manual,12.07,,true,true,,https://cdn.shopify.com/s/files/1/0752/0983/products/p-010-min_b8103712-2037-40f6-83bb-a1962244bfec.jpg?v=1606762163,1,,false,,,,,,,,,,,,,,,,,kg,,,active
carrot,,,,,,,,2kg,,,,,,100000.0,shopify,100,deny,manual,14.06,,true,true,,https://cdn.shopify.com/s/files/1/0752/0983/products/p-05-min_d706f297-e51e-4564-8af7-4188009abc1c.jpg?v=1606762163,2,,,,,,,,,,,,,,,,,,,kg,,,
carrot,,,,,,,,3kg,,,,,,100000.0,shopify,100,deny,manual,16.08,,true,true,,https://cdn.shopify.com/s/files/1/0752/0983/products/p-011-min.jpg?v=1606762157,3,,,,,,,,,,,,,,,,,,,kg,,,
carrot,,,,,,,,,,,,,,,,,,,,,,,,https://cdn.shopify.com/s/files/1/0752/0983/products/p-012-min.jpg?v=1606762157,4,,,,,,,,,,,,,,,,,,,,,,
carrot,,,,,,,,,,,,,,,,,,,,,,,,https://cdn.shopify.com/s/files/1/0752/0983/products/p-017-min.jpg?v=1606762157,5,,,,,,,,,,,,,,,,,,,,,,
cauliflower,Cauliflower,"<span>Sed risus neque, sagittis sed pellentesque at, pharetra ut nunc. Phasellus id enim eget ante pellentesque pharetra. Phasellus et nisl urna. Integer nisl dui, efficitur in volutpat sodales, tempor sed orci. Donec et euismod ipsum. Interdum et malesuada fames ac ante ipsum primis in faucibus. Etiam tincidunt dictum eros at porta. Phasellus gravida dolor in sem placerat sodales. Nullam feugiat non dolor id commodo. Phasellus nec velit enim. Donec a commodo magna.</span>",Organic,Vegetables,"1kg, 2kg, 3kg, fruits, organic, vegetables",true,Kg,1kg,,,,,,100000.0,shopify,100,deny,manual,12.07,,true,true,,https://cdn.shopify.com/s/files/1/0752/0983/products/p-011-min_71c727ea-9853-43ae-8652-6379492d7635.jpg?v=1606762214,1,,false,,,,,,,,,,,,,,,,,kg,,,active
cauliflower,,,,,,,,2kg,,,,,,100000.0,shopify,100,deny,manual,14.06,,true,true,,https://cdn.shopify.com/s/files/1/0752/0983/products/p-05-min_4b24cbba-eea2-4ca3-98ce-78ddb65c434c.jpg?v=1606762214,2,,,,,,,,,,,,,,,,,,,kg,,,
cauliflower,,,,,,,,3kg,,,,,,100000.0,shopify,100,deny,manual,16.08,,true,true,,https://cdn.shopify.com/s/files/1/0752/0983/products/p-010-min_1d4f6f4c-3cc9-4756-8450-937bb10c5818.jpg?v=1606762214,3,,,,,,,,,,,,,,,,,,,kg,,,
cauliflower,,,,,,,,,,,,,,,,,,,,,,,,https://cdn.shopify.com/s/files/1/0752/0983/products/p-017-min_b0efbaaf-8bc0-4585-acf2-76f24c7f8798.jpg?v=1606762211,4,,,,,,,,,,,,,,,,,,,,,,
delicious-meat,Delicious meat,"<span>Sed risus neque, sagittis sed pellentesque at, pharetra ut nunc. Phasellus id enim eget ante pellentesque pharetra. Phasellus et nisl urna. Integer nisl dui, efficitur in volutpat sodales, tempor sed orci. Donec et euismod ipsum. Interdum et malesuada fames ac ante ipsum primis in faucibus. Etiam tincidunt dictum eros at porta. Phasellus gravida dolor in sem placerat sodales. Nullam feugiat non dolor id commodo. Phasellus nec velit enim. Donec a commodo magna.</span>",Organic,Meat,"1kg, 2kg, 3kg, fruits, meats, organic, vegetables",true,Kg,1kg,,,,,,100000.0,shopify,100,deny,manual,32.07,,true,true,,https://cdn.shopify.com/s/files/1/0752/0983/products/p-09-min.jpg?v=1606764386,1,,false,,,,,,,,,,,,,,,,,kg,,,active
delicious-meat,,,,,,,,2kg,,,,,,100000.0,shopify,100,deny,manual,44.06,,true,true,,https://cdn.shopify.com/s/files/1/0752/0983/products/p-05-min_9bc5dc5e-7181-4151-90b1-84c0f8d8b7bd.jpg?v=1606764386,2,,,,,,,,,,,,,,,,,,,kg,,,
delicious-meat,,,,,,,,3kg,,,,,,100000.0,shopify,100,deny,manual,56.08,,true,true,,https://cdn.shopify.com/s/files/1/0752/0983/products/p-06-min.jpg?v=1606764386,3,,,,,,,,,,,,,,,,,,,kg,,,
delicious-meat,,,,,,,,,,,,,,,,,,,,,,,,https://cdn.shopify.com/s/files/1/0752/0983/products/p-016-min-min_c228fc6d-d605-49fe-a777-7813c047874c.jpg?v=1606764386,4,,,,,,,,,,,,,,,,,,,,,,
fresh-meat,Fresh Meat,"<span>Sed risus neque, sagittis sed pellentesque at, pharetra ut nunc. Phasellus id enim eget ante pellentesque pharetra. Phasellus et nisl urna. Integer nisl dui, efficitur in volutpat sodales, tempor sed orci. Donec et euismod ipsum. Interdum et malesuada fames ac ante ipsum primis in faucibus. Etiam tincidunt dictum eros at porta. Phasellus gravida dolor in sem placerat sodales. Nullam feugiat non dolor id commodo. Phasellus nec velit enim. Donec a commodo magna.</span>",Organic,Meat,"1kg, 2kg, 3kg, fruits, meats, organic, vegetables",true,Kg,1kg,,,,,,100000.0,shopify,100,deny,manual,32.07,,true,true,,https://cdn.shopify.com/s/files/1/0752/0983/products/p-016-min-min.jpg?v=1606764369,1,,false,,,,,,,,,,,,,,,,,kg,,,active
fresh-meat,,,,,,,,2kg,,,,,,100000.0,shopify,100,deny,manual,44.06,,true,true,,https://cdn.shopify.com/s/files/1/0752/0983/products/p-05-min_53b5ceb0-4ad3-4691-9b28-4d932651ddfd.jpg?v=1606764369,2,,,,,,,,,,,,,,,,,,,kg,,,
fresh-meat,,,,,,,,3kg,,,,,,100000.0,shopify,100,deny,manual,56.08,,true,true,,https://cdn.shopify.com/s/files/1/0752/0983/products/p-06-min_a22a86ec-78ad-4e06-9375-869fd5772091.jpg?v=1606764369,3,,,,,,,,,,,,,,,,,,,kg,,,
fresh-meat,,,,,,,,,,,,,,,,,,,,,,,,https://cdn.shopify.com/s/files/1/0752/0983/products/p-09-min_729884be-145f-4c2d-8852-3c971aa2926c.jpg?v=1606764369,4,,,,,,,,,,,,,,,,,,,,,,
grape-juice,Grape juice,"<span>Sed risus neque, sagittis sed pellentesque at, pharetra ut nunc. Phasellus id enim eget ante pellentesque pharetra. Phasellus et nisl urna. Integer nisl dui, efficitur in volutpat sodales, tempor sed orci. Donec et euismod ipsum. Interdum et malesuada fames ac ante ipsum primis in faucibus. Etiam tincidunt dictum eros at porta. Phasellus gravida dolor in sem placerat sodales. Nullam feugiat non dolor id commodo. Phasellus nec velit enim. Donec a commodo magna.</span>",Organic,Fruit,"1kg, 2kg, 3kg, fruits, organic",true,Kg,1kg,,,,,"",100000.0,shopify,1,deny,manual,23.00,,true,true,"",https://cdn.shopify.com/s/files/1/0752/0983/products/p-02-min_6d28961f-6453-45e6-a486-5e0040101c99.jpg?v=1606762386,1,,false,,,,,,,,,,,,,,,,,kg,,,active
grape-juice,,,,,,,,2kg,,,,,"",100000.0,shopify,1,deny,manual,25.00,,true,true,"",https://cdn.shopify.com/s/files/1/0752/0983/products/p-04-min.jpg?v=1606762386,2,,,,,,,,,,,,,,,,,,,kg,,,
grape-juice,,,,,,,,3kg,,,,,"",100000.0,shopify,1,deny,manual,30.00,,true,true,"",https://cdn.shopify.com/s/files/1/0752/0983/products/p-019-min.jpg?v=1606762386,3,,,,,,,,,,,,,,,,,,,kg,,,
grape-juice,,,,,,,,,,,,,,,,,,,,,,,,https://cdn.shopify.com/s/files/1/0752/0983/products/p-01-min_52d45aae-ce04-4abb-86a0-90461725bd46.jpg?v=1606762386,4,,,,,,,,,,,,,,,,,,,,,,
guava-fruit,Guava fruit,"<span data-mce-fragment=""1"">Sed risus neque, sagittis sed pellentesque at, pharetra ut nunc. Phasellus id enim eget ante pellentesque pharetra. Phasellus et nisl urna. Integer nisl dui, efficitur in volutpat sodales, tempor sed orci. Donec et euismod ipsum. Interdum et malesuada fames ac ante ipsum primis in faucibus. Etiam tincidunt dictum eros at porta. Phasellus gravida dolor in sem placerat sodales. Nullam feugiat non dolor id commodo. Phasellus nec velit enim. Donec a commodo magna.</span>",Organic,Fruit,"1kg, 2kg, 3kg, fruits",true,Title,Default Title,,,,,"",0.0,shopify,0,deny,manual,12.00,10.00,true,true,"",https://cdn.shopify.com/s/files/1/0752/0983/products/p-020-min.jpg?v=1606762438,1,,false,,,,,,,,,,,,,,,,,kg,,,active
guava-fruit,,,,,,,,,,,,,,,,,,,,,,,,https://cdn.shopify.com/s/files/1/0752/0983/products/p-017-min_ffe25c0f-5bc4-45ee-b0b5-16d106992626.jpg?v=1606762438,2,,,,,,,,,,,,,,,,,,,,,,
guava-fruit,,,,,,,,,,,,,,,,,,,,,,,,https://cdn.shopify.com/s/files/1/0752/0983/products/p-018-min.jpg?v=1606762438,3,,,,,,,,,,,,,,,,,,,,,,
guava-fruit,,,,,,,,,,,,,,,,,,,,,,,,https://cdn.shopify.com/s/files/1/0752/0983/products/p-019-min_f0f3e81f-0899-474b-8bc7-53d22d67e75c.jpg?v=1606762438,4,,,,,,,,,,,,,,,,,,,,,,
orange,Orange,"<span>Sed risus neque, sagittis sed pellentesque at, pharetra ut nunc. Phasellus id enim eget ante pellentesque pharetra. Phasellus et nisl urna. Integer nisl dui, efficitur in volutpat sodales, tempor sed orci. Donec et euismod ipsum. Interdum et malesuada fames ac ante ipsum primis in faucibus. Etiam tincidunt dictum eros at porta. Phasellus gravida dolor in sem placerat sodales. Nullam feugiat non dolor id commodo. Phasellus nec velit enim. Donec a commodo magna.</span>",Organic,Fruit,"1kg, 2kg, 3kg, fruits, organic",true,Kg,1kg,,,,,,100000.0,shopify,100,deny,manual,25.05,,true,true,,https://cdn.shopify.com/s/files/1/0752/0983/products/p-014-min.jpg?v=1606764343,1,,false,,,,,,,,,,,,,,,,,kg,,,active
orange,,,,,,,,2kg,,,,,,100000.0,shopify,100,deny,manual,30.04,,true,true,,https://cdn.shopify.com/s/files/1/0752/0983/products/p-01-min_ab6d664b-0e18-4c53-b692-8e41287ce162.jpg?v=1606764343,2,,,,,,,,,,,,,,,,,,,kg,,,
orange,,,,,,,,3kg,,,,,,100000.0,shopify,100,deny,manual,35.00,,true,true,,https://cdn.shopify.com/s/files/1/0752/0983/products/p-02-min_4682b587-1574-482c-85a4-c711b02b315c.jpg?v=1606764343,3,,,,,,,,,,,,,,,,,,,kg,,,
orange,,,,,,,,,,,,,,,,,,,,,,,,https://cdn.shopify.com/s/files/1/0752/0983/products/p-013-min-min_4aa0c421-a50f-4c0e-8fc6-4b8ee792a06c.jpg?v=1606764350,4,,,,,,,,,,,,,,,,,,,,,,
phantom-series-multifun,Phantom Series Multifun,"<span>Sed risus neque, sagittis sed pellentesque at, pharetra ut nunc. Phasellus id enim eget ante pellentesque pharetra. Phasellus et nisl urna. Integer nisl dui, efficitur in volutpat sodales, tempor sed orci. Donec et euismod ipsum. Interdum et malesuada fames ac ante ipsum primis in faucibus. Etiam tincidunt dictum eros at porta. Phasellus gravida dolor in sem placerat sodales. Nullam feugiat non dolor id commodo. Phasellus nec velit enim. Donec a commodo magna.</span>",Organic,Fruit,"1kg, 2kg, 3kg, fruits, organic",true,Kg,1kg,,,,,,100000.0,shopify,100,deny,manual,25.05,,true,true,,https://cdn.shopify.com/s/files/1/0752/0983/products/p-013-min-min.jpg?v=1606764330,1,,false,,,,,,,,,,,,,,,,,kg,,,active
phantom-series-multifun,,,,,,,,2kg,,,,,,100000.0,shopify,100,deny,manual,30.04,,true,true,,https://cdn.shopify.com/s/files/1/0752/0983/products/p-01-min_93a55f16-4e30-4a33-a77d-a86345f0f8ca.jpg?v=1606764330,2,,,,,,,,,,,,,,,,,,,kg,,,
phantom-series-multifun,,,,,,,,3kg,,,,,,100000.0,shopify,100,deny,manual,35.00,,true,true,,https://cdn.shopify.com/s/files/1/0752/0983/products/p-02-min_cf407440-ca43-4358-ad6e-6165d59ac9f2.jpg?v=1606764330,3,,,,,,,,,,,,,,,,,,,kg,,,
phantom-series-multifun,,,,,,,,,,,,,,,,,,,,,,,,https://cdn.shopify.com/s/files/1/0752/0983/products/p-014-min_e912a4f6-b43d-4025-9d4c-27e23753ad0d.jpg?v=1606764330,4,,,,,,,,,,,,,,,,,,,,,,
copy-of-guava-fruit,Plum Silho,"<span data-mce-fragment=""1"">Sed risus neque, sagittis sed pellentesque at, pharetra ut nunc. Phasellus id enim eget ante pellentesque pharetra. Phasellus et nisl urna. Integer nisl dui, efficitur in volutpat sodales, tempor sed orci. Donec et euismod ipsum. Interdum et malesuada fames ac ante ipsum primis in faucibus. Etiam tincidunt dictum eros at porta. Phasellus gravida dolor in sem placerat sodales. Nullam feugiat non dolor id commodo. Phasellus nec velit enim. Donec a commodo magna.</span>",Organic,Fruit,"1kg, 2kg, 3kg, fruits",true,Title,Default Title,,,,,"",9000.0,shopify,100,deny,manual,10.05,17.00,true,true,"",https://cdn.shopify.com/s/files/1/0752/0983/products/p-021-min.jpg?v=1606762622,1,,false,,,,,,,,,,,,,,,,,kg,,,active
copy-of-guava-fruit,,,,,,,,,,,,,,,,,,,,,,,,https://cdn.shopify.com/s/files/1/0752/0983/products/p-08-min_379a21e9-1a83-4e1e-ba0a-17d8391f82ee.jpg?v=1606762622,2,,,,,,,,,,,,,,,,,,,,,,
copy-of-guava-fruit,,,,,,,,,,,,,,,,,,,,,,,,https://cdn.shopify.com/s/files/1/0752/0983/products/p-01-min_20e9e770-62c7-4dcf-86d8-cf05bf63dfad.jpg?v=1606762620,3,,,,,,,,,,,,,,,,,,,,,,
copy-of-guava-fruit,,,,,,,,,,,,,,,,,,,,,,,,https://cdn.shopify.com/s/files/1/0752/0983/products/p-03-min.jpg?v=1606762620,4,,,,,,,,,,,,,,,,,,,,,,
purple-onion,Purple Onion,"<span>Sed risus neque, sagittis sed pellentesque at, pharetra ut nunc. Phasellus id enim eget ante pellentesque pharetra. Phasellus et nisl urna. Integer nisl dui, efficitur in volutpat sodales, tempor sed orci. Donec et euismod ipsum. Interdum et malesuada fames ac ante ipsum primis in faucibus. Etiam tincidunt dictum eros at porta. Phasellus gravida dolor in sem placerat sodales. Nullam feugiat non dolor id commodo. Phasellus nec velit enim. Donec a commodo magna.</span>",Organic,Vegetables,"1kg, 2kg, 3kg, fruits, organic, vegetables",true,Kg,1kg,,,,,,100000.0,shopify,100,deny,manual,12.07,,true,true,,https://cdn.shopify.com/s/files/1/0752/0983/products/p-015-min.jpg?v=1606762661,1,,false,,,,,,,,,,,,,,,,,kg,,,active
purple-onion,,,,,,,,2kg,,,,,,100000.0,shopify,100,deny,manual,14.06,,true,true,,https://cdn.shopify.com/s/files/1/0752/0983/products/p-05-min_7d33efa5-ff3a-4628-9b79-d64280cffd0d.jpg?v=1606762661,2,,,,,,,,,,,,,,,,,,,kg,,,
purple-onion,,,,,,,,3kg,,,,,,100000.0,shopify,100,deny,manual,16.08,,true,true,,https://cdn.shopify.com/s/files/1/0752/0983/products/p-011-min_b75979ba-1976-4b8f-b3cb-9dfc19a6b0a9.jpg?v=1606762661,3,,,,,,,,,,,,,,,,,,,kg,,,
purple-onion,,,,,,,,,,,,,,,,,,,,,,,,https://cdn.shopify.com/s/files/1/0752/0983/products/p-012-min_1c1147e5-49c0-49ea-9f5a-93827f89e8c0.jpg?v=1606762661,4,,,,,,,,,,,,,,,,,,,,,,
red-apple,Red apple,"<span>Sed risus neque, sagittis sed pellentesque at, pharetra ut nunc. Phasellus id enim eget ante pellentesque pharetra. Phasellus et nisl urna. Integer nisl dui, efficitur in volutpat sodales, tempor sed orci. Donec et euismod ipsum. Interdum et malesuada fames ac ante ipsum primis in faucibus. Etiam tincidunt dictum eros at porta. Phasellus gravida dolor in sem placerat sodales. Nullam feugiat non dolor id commodo. Phasellus nec velit enim. Donec a commodo magna.</span>",Organic,Fruit,"1kg, 2kg, 3kg, fruits, organic",true,Kg,1kg,,,,,,100000.0,shopify,100,deny,manual,24.00,,true,true,,https://cdn.shopify.com/s/files/1/0752/0983/products/p-01-min_e7c9b80b-361d-4ca1-9c98-e14df168cc25.jpg?v=1606762698,1,,false,,,,,,,,,,,,,,,,,kg,,,active
red-apple,,,,,,,,2kg,,,,,,100000.0,shopify,100,deny,manual,26.00,,true,true,,https://cdn.shopify.com/s/files/1/0752/0983/products/p-02-min_9bd82ab9-eeec-4a47-8afe-ab7367dc44c1.jpg?v=1606762698,2,,,,,,,,,,,,,,,,,,,kg,,,
red-apple,,,,,,,,3kg,,,,,,100000.0,shopify,100,deny,manual,28.00,,true,true,,https://cdn.shopify.com/s/files/1/0752/0983/products/p-013-min_76098001-0ba1-473f-ac71-09e02a472d6b.jpg?v=1606762698,3,,,,,,,,,,,,,,,,,,,kg,,,
red-apple,,,,,,,,,,,,,,,,,,,,,,,,https://cdn.shopify.com/s/files/1/0752/0983/products/p-014-min_8ab62380-101a-43d8-ac8d-851a275fb554.jpg?v=1606762698,4,,,,,,,,,,,,,,,,,,,,,,
sed-risus-neque,Sed risus neque,"<span>Sed risus neque, sagittis sed pellentesque at, pharetra ut nunc. Phasellus id enim eget ante pellentesque pharetra. Phasellus et nisl urna. Integer nisl dui, efficitur in volutpat sodales, tempor sed orci. Donec et euismod ipsum. Interdum et malesuada fames ac ante ipsum primis in faucibus. Etiam tincidunt dictum eros at porta. Phasellus gravida dolor in sem placerat sodales. Nullam feugiat non dolor id commodo. Phasellus nec velit enim. Donec a commodo magna.</span>",Organic,Fruit,"1kg, 2kg, 3kg, fruits, organic",true,Kg,1kg,,,,,,100000.0,shopify,100,deny,manual,24.00,,true,true,,https://cdn.shopify.com/s/files/1/0752/0983/products/p-019-min_b2dd13f0-bd5f-4adf-a430-2c6355278052.jpg?v=1606762757,1,,false,,,,,,,,,,,,,,,,,kg,,,active
sed-risus-neque,,,,,,,,2kg,,,,,,100000.0,shopify,100,deny,manual,26.00,,true,true,,https://cdn.shopify.com/s/files/1/0752/0983/products/p-02-min_fd9eef57-fd6f-4e6a-b050-d61337c58651.jpg?v=1606762757,2,,,,,,,,,,,,,,,,,,,kg,,,
sed-risus-neque,,,,,,,,3kg,,,,,,100000.0,shopify,100,deny,manual,28.00,,true,true,,https://cdn.shopify.com/s/files/1/0752/0983/products/p-04-min_bdc81366-9ff5-4485-abc7-d5bc1e4725d8.jpg?v=1606762757,3,,,,,,,,,,,,,,,,,,,kg,,,
sed-risus-neque,,,,,,,,,,,,,,,,,,,,,,,,https://cdn.shopify.com/s/files/1/0752/0983/products/p-021-min_5ea71ef2-4a33-4c38-a39e-cade112ec73e.jpg?v=1606762754,4,,,,,,,,,,,,,,,,,,,,,,
sweet-peppers,Sweet Peppers,"<span>Sed risus neque, sagittis sed pellentesque at, pharetra ut nunc. Phasellus id enim eget ante pellentesque pharetra. Phasellus et nisl urna. Integer nisl dui, efficitur in volutpat sodales, tempor sed orci. Donec et euismod ipsum. Interdum et malesuada fames ac ante ipsum primis in faucibus. Etiam tincidunt dictum eros at porta. Phasellus gravida dolor in sem placerat sodales. Nullam feugiat non dolor id commodo. Phasellus nec velit enim. Donec a commodo magna.</span>",Organic,Vegetables,"1kg, 2kg, 3kg, fruits, organic, vegetables",true,Kg,1kg,,,,,,100000.0,shopify,100,deny,manual,12.07,,true,true,,https://cdn.shopify.com/s/files/1/0752/0983/products/p-05-min_76419023-677d-4986-bf9c-7e2f2a16210a.jpg?v=1606762799,1,,false,,,,,,,,,,,,,,,,,kg,,,active
sweet-peppers,,,,,,,,2kg,,,,,,100000.0,shopify,100,deny,manual,14.06,,true,true,,https://cdn.shopify.com/s/files/1/0752/0983/products/p-010-min_a6757470-4693-485d-8332-7a367638724a.jpg?v=1606762799,2,,,,,,,,,,,,,,,,,,,kg,,,
sweet-peppers,,,,,,,,3kg,,,,,,100000.0,shopify,100,deny,manual,16.08,,true,true,,https://cdn.shopify.com/s/files/1/0752/0983/products/p-011-min_b3af06fb-bab6-4f1b-ab9d-b4bab1927b8d.jpg?v=1606762799,3,,,,,,,,,,,,,,,,,,,kg,,,
sweet-peppers,,,,,,,,,,,,,,,,,,,,,,,,https://cdn.shopify.com/s/files/1/0752/0983/products/p-017-min_4c077d14-7a09-4071-a267-a90b3aab760f.jpg?v=1606762799,4,,,,,,,,,,,,,,,,,,,,,,
tomato,Tomato,"<span>Sed risus neque, sagittis sed pellentesque at, pharetra ut nunc. Phasellus id enim eget ante pellentesque pharetra. Phasellus et nisl urna. Integer nisl dui, efficitur in volutpat sodales, tempor sed orci. Donec et euismod ipsum. Interdum et malesuada fames ac ante ipsum primis in faucibus. Etiam tincidunt dictum eros at porta. Phasellus gravida dolor in sem placerat sodales. Nullam feugiat non dolor id commodo. Phasellus nec velit enim. Donec a commodo magna.</span>",Organic,Vegetables,"1kg, 2kg, 3kg, fruits, organic, vegetables",true,Kg,1kg,,,,,,100000.0,shopify,100,deny,manual,12.07,,true,true,,https://cdn.shopify.com/s/files/1/0752/0983/products/p-012-min_74c61cef-63bf-4782-ba1d-3c37b5204919.jpg?v=1606762854,1,,false,,,,,,,,,,,,,,,,,kg,,,active
tomato,,,,,,,,2kg,,,,,,100000.0,shopify,100,deny,manual,14.06,,true,true,,https://cdn.shopify.com/s/files/1/0752/0983/products/p-05-min_d15fc032-1600-45ff-b9b1-d3fba8e1c2e5.jpg?v=1606762854,2,,,,,,,,,,,,,,,,,,,kg,,,
tomato,,,,,,,,3kg,,,,,,100000.0,shopify,100,deny,manual,16.08,,true,true,,https://cdn.shopify.com/s/files/1/0752/0983/products/p-010-min_2f21d06c-d84b-4da2-acf3-966125bb17f4.jpg?v=1606762854,3,,,,,,,,,,,,,,,,,,,kg,,,
tomato,,,,,,,,,,,,,,,,,,,,,,,,https://cdn.shopify.com/s/files/1/0752/0983/products/p-011-min_87da5dfb-df95-4bdd-b704-679f0fcea715.jpg?v=1606762854,4,,,,,,,,,,,,,,,,,,,,,,
tomato,,,,,,,,,,,,,,,,,,,,,,,,https://cdn.shopify.com/s/files/1/0752/0983/products/p-017-min_bb6154df-1447-4530-b366-c89e43e3f527.jpg?v=1606762848,5,,,,,,,,,,,,,,,,,,,,,,
vegetables-as-food,Vegetables as food,"<span>Sed risus neque, sagittis sed pellentesque at, pharetra ut nunc. Phasellus id enim eget ante pellentesque pharetra. Phasellus et nisl urna. Integer nisl dui, efficitur in volutpat sodales, tempor sed orci. Donec et euismod ipsum. Interdum et malesuada fames ac ante ipsum primis in faucibus. Etiam tincidunt dictum eros at porta. Phasellus gravida dolor in sem placerat sodales. Nullam feugiat non dolor id commodo. Phasellus nec velit enim. Donec a commodo magna.</span>",Organic,Vegetables,"1kg, 2kg, 3kg, fruits, organic, vegetables",true,Kg,1kg,,,,,,100000.0,shopify,100,deny,manual,12.07,,true,true,,https://cdn.shopify.com/s/files/1/0752/0983/products/p-017-min_4bae8f3e-1135-4979-a994-14d6c4e324e0.jpg?v=1606762899,1,,false,,,,,,,,,,,,,,,,,kg,,,active
vegetables-as-food,,,,,,,,2kg,,,,,,100000.0,shopify,100,deny,manual,14.06,,true,true,,https://cdn.shopify.com/s/files/1/0752/0983/products/p-05-min_5a3a8cb8-cfb9-4afb-838e-b4efafe66b83.jpg?v=1606762899,2,,,,,,,,,,,,,,,,,,,kg,,,
vegetables-as-food,,,,,,,,3kg,,,,,,100000.0,shopify,100,deny,manual,16.08,,true,true,,https://cdn.shopify.com/s/files/1/0752/0983/products/p-010-min_741e099f-3d4f-4206-ad92-e843d08043d7.jpg?v=1606762899,3,,,,,,,,,,,,,,,,,,,kg,,,
vegetables-as-food,,,,,,,,,,,,,,,,,,,,,,,,https://cdn.shopify.com/s/files/1/0752/0983/products/p-011-min_88d7be34-8211-43e7-936b-55167d891ff8.jpg?v=1606762899,4,,,,,,,,,,,,,,,,,,,,,,
watermelon,Watermelon,"<span>Sed risus neque, sagittis sed pellentesque at, pharetra ut nunc. Phasellus id enim eget ante pellentesque pharetra. Phasellus et nisl urna. Integer nisl dui, efficitur in volutpat sodales, tempor sed orci. Donec et euismod ipsum. Interdum et malesuada fames ac ante ipsum primis in faucibus. Etiam tincidunt dictum eros at porta. Phasellus gravida dolor in sem placerat sodales. Nullam feugiat non dolor id commodo. Phasellus nec velit enim. Donec a commodo magna.</span>",Organic,Fruit,"1kg, 2kg, 3kg, fruits, organic",true,Kg,1kg,,,,,,100000.0,shopify,100,deny,manual,24.00,,true,true,,https://cdn.shopify.com/s/files/1/0752/0983/products/p-018-min_e6d35661-316f-4cac-9e82-fcde15ae655a.jpg?v=1606762946,1,,false,,,,,,,,,,,,,,,,,kg,,,active
watermelon,,,,,,,,2kg,,,,,,100000.0,shopify,100,deny,manual,26.00,,true,true,,https://cdn.shopify.com/s/files/1/0752/0983/products/p-01-min_2ed6b8f1-aeff-4d89-94b1-d76b3f3bd111.jpg?v=1606762946,2,,,,,,,,,,,,,,,,,,,kg,,,
watermelon,,,,,,,,3kg,,,,,,100000.0,shopify,100,deny,manual,28.00,,true,true,,https://cdn.shopify.com/s/files/1/0752/0983/products/p-013-min_c1cb25b8-84a7-4dee-a5b8-f0354965162f.jpg?v=1606762946,3,,,,,,,,,,,,,,,,,,,kg,,,
watermelon,,,,,,,,,,,,,,,,,,,,,,,,https://cdn.shopify.com/s/files/1/0752/0983/products/p-014-min_852ccbc9-d29c-4d45-9ad5-a9b21e274285.jpg?v=1606762946,4,,,,,,,,,,,,,,,,,,,,,,
zucchini,Zucchini,"<span>Sed risus neque, sagittis sed pellentesque at, pharetra ut nunc. Phasellus id enim eget ante pellentesque pharetra. Phasellus et nisl urna. Integer nisl dui, efficitur in volutpat sodales, tempor sed orci. Donec et euismod ipsum. Interdum et malesuada fames ac ante ipsum primis in faucibus. Etiam tincidunt dictum eros at porta. Phasellus gravida dolor in sem placerat sodales. Nullam feugiat non dolor id commodo. Phasellus nec velit enim. Donec a commodo magna.</span>",Organic,Fruit,"1kg, 2kg, 3kg, fruits, organic",true,Kg,1kg,,,,,,100000.0,shopify,100,deny,manual,22.07,,true,true,,https://cdn.shopify.com/s/files/1/0752/0983/products/p-03-min_5f3fc06e-c5d3-453c-9380-c651d6f0a53e.jpg?v=1606763024,1,,false,,,,,,,,,,,,,,,,,kg,,,active
zucchini,,,,,,,,2kg,,,,,,100000.0,shopify,100,deny,manual,24.06,,true,true,,https://cdn.shopify.com/s/files/1/0752/0983/products/p-07-min.jpg?v=1606763024,2,,,,,,,,,,,,,,,,,,,kg,,,
zucchini,,,,,,,,3kg,,,,,,100000.0,shopify,100,deny,manual,26.08,,true,true,,https://cdn.shopify.com/s/files/1/0752/0983/products/p-017.jpg?v=1606763024,3,,,,,,,,,,,,,,,,,,,kg,,,
zucchini,,,,,,,,,,,,,,,,,,,,,,,,https://cdn.shopify.com/s/files/1/0752/0983/products/p-05-min_b1241b14-a67d-45a9-a16b-04eac46b06a9.jpg?v=1606763010,4,,,,,,,,,,,,,,,,,,,,,,
zucchini-green,Zucchini Green,"<span>Sed risus neque, sagittis sed pellentesque at, pharetra ut nunc. Phasellus id enim eget ante pellentesque pharetra. Phasellus et nisl urna. Integer nisl dui, efficitur in volutpat sodales, tempor sed orci. Donec et euismod ipsum. Interdum et malesuada fames ac ante ipsum primis in faucibus. Etiam tincidunt dictum eros at porta. Phasellus gravida dolor in sem placerat sodales. Nullam feugiat non dolor id commodo. Phasellus nec velit enim. Donec a commodo magna.</span>",Organic,Fruit,"1kg, 2kg, 3kg, fruits, organic",true,Kg,1kg,,,,,,100000.0,shopify,100,deny,manual,22.07,,true,true,,https://cdn.shopify.com/s/files/1/0752/0983/products/p-07-min_0323890b-2fbd-4ae4-b018-0aafc1b846c7.jpg?v=1606763074,1,,false,,,,,,,,,,,,,,,,,kg,,,active
zucchini-green,,,,,,,,2kg,,,,,,100000.0,shopify,100,deny,manual,24.06,,true,true,,https://cdn.shopify.com/s/files/1/0752/0983/products/p-03-min_f52d3b21-e16f-4073-95ae-10b7f882bcbe.jpg?v=1606763074,2,,,,,,,,,,,,,,,,,,,kg,,,
zucchini-green,,,,,,,,3kg,,,,,,100000.0,shopify,100,deny,manual,26.08,,true,true,,https://cdn.shopify.com/s/files/1/0752/0983/products/p-010-min_4ed1f81c-1f37-4b0d-a0dd-54556b816739.jpg?v=1606763061,3,,,,,,,,,,,,,,,,,,,kg,,,
zucchini-green,,,,,,,,,,,,,,,,,,,,,,,,https://cdn.shopify.com/s/files/1/0752/0983/products/p-017-min_ad9183e6-3fcf-4441-9068-a9a4492e3ecd.jpg?v=1606763061,4,,,,,,,,,,,,,,,,,,,,,,
